{"batch_wise_loss": 0.5880738496780396, "_runtime": 4118, "_timestamp": 1642670477, "_step": 15619, "character_error_rate": 0.1132369299221357, "word_accuracy": 0.7275407561567812, "_wandb": {"runtime": 4119}}