{"batch_wise_loss": 6.253009796142578, "_runtime": 216, "_timestamp": 1642666575, "_step": 805, "character_error_rate": 0.567964404894327, "word_accuracy": 0.2244190079778009}